ID_School,ID_Sport,Season,Number,Player,Last_Name,First_Name,Position,Height,Weight,Year,Hometown/Last_School,Player_URL,USC,MBBALL,2012-2013,3,Zach Banner,Banner,Zach,Forward,6/9/13,335,FR,"Tacoma, Wash. (Lakes HS)",http://www.usctrojans.com/sports/m-baskbl/mtt/banner_zach00.html,USC,MBBALL,2012-2013,31,James Blasczyk,Blasczyk,James,Center,7/1/13,260,SR,"Friendswood, Texas (Friendswood)",http://www.usctrojans.com/sports/m-baskbl/mtt/blasczyk_james00.html,USC,MBBALL,2012-2013,13,Chass Bryan,Bryan,Chass,Guard,5/9/13,165,FR,"Oak Park, Calif. (Oaks Christian)",http://www.usctrojans.com/sports/m-baskbl/mtt/bryan_chass00.html,USC,MBBALL,2012-2013,14,Dewayne Dedmon,Dedmon,Dewayne,Forward,7/1/00,255,RS JR,"Lancaster, Calif. (Lancaster)",http://www.usctrojans.com/sports/m-baskbl/mtt/dedmon_dewayne00.html,USC,MBBALL,2012-2013,1,Jio Fontan,Fontan,Jio,Guard,6/1/00,175,RS SR,"Paterson, N.J. (St. Anthony's)",http://www.usctrojans.com/sports/m-baskbl/mtt/fontan_jio00.html,USC,MBBALL,2012-2013,21,Aaron Fuller,Fuller,Aaron,Forward,6/6/13,235,RS SR,"Mesa, Ariz. (Mesa)",http://www.usctrojans.com/sports/m-baskbl/mtt/fuller_aaron00.html,USC,MBBALL,2012-2013,41,Strahinja Gavrilovic,Gavrilovic,Strahinja,Forward,6/9/13,225,FR,"Kragujevac, Serbia (Rock Academy)",http://www.usctrojans.com/sports/m-baskbl/mtt/gavrilovic_strahinja00.html,USC,MBBALL,2012-2013,24,Daniel Munoz,Munoz,Daniel,Guard,5/10/13,175,RS JR,"Coto de Caza, Calif. (Santa Margarita)",http://www.usctrojans.com/sports/m-baskbl/mtt/munoz_daniel00.html,USC,MBBALL,2012-2013,55,Omar Oraby,Oraby,Omar,Center,7/2/13,270,JR,"Cairo, Egypt",http://www.usctrojans.com/sports/m-baskbl/mtt/oraby_omar00.html,USC,MBBALL,2012-2013,5,Ari Stewart,Stewart,Ari,Forward,6/7/13,205,RS JR,"Marietta, Ga. (Wheeler)",http://www.usctrojans.com/sports/m-baskbl/mtt/stewart_ari00.html,USC,MBBALL,2012-2013,10,Tyler Sugiyama,Sugiyama,Tyler,Guard,5/10/13,150,RS JR,"Winnetka, Ill. (New Trier HS)",http://www.usctrojans.com/sports/m-baskbl/mtt/sugiyama_tyler00.html,USC,MBBALL,2012-2013,15,Brendyn Taylor,Taylor,Brendyn,Guard,6/2/13,185,FR,"Los Angeles, Calif. (Fairfax)",http://www.usctrojans.com/sports/m-baskbl/mtt/taylor_brendyn00.html,USC,MBBALL,2012-2013,20,J.T. Terrell,Terrell,J.T.,Guard,6/3/13,185,JR,"Burlington, NC (West Charlotte)",http://www.usctrojans.com/sports/m-baskbl/mtt/terrell_j.t.00.html,USC,MBBALL,2012-2013,22,Byron Wesley,Wesley,Byron,Guard,6/5/13,210,SO,"Rancho Cucamonga, Calif. (Etiwanda)",http://www.usctrojans.com/sports/m-baskbl/mtt/wesley_byron00.html,USC,MBBALL,2012-2013,34,Eric Wise,Wise,Eric,Forward,6/6/13,240,RS SR,"Riverside, Calif. (King)",http://www.usctrojans.com/sports/m-baskbl/mtt/wise_eric00.html,USC,MBBALL,2012-2013,0,Renaldo Woolridge,Woolridge,Renaldo,Forward,6/9/13,220,SR,"Sheman Oaks, Calif. (Harvard-Westlake)",http://www.usctrojans.com/sports/m-baskbl/mtt/woolridge_renaldo00.html,USC,MBBALL,2011-2012,2,Greg Allen,Allen,Greg,Guard,6/3/13,180,JR,"Eureka, Calif. (Eureka)",http://www.usctrojans.com/sports/m-baskbl/mtt/allen_greg00.html,USC,MBBALL,2011-2012,31,James Blasczyk,Blasczyk,James,Center,7/1/13,260,JR,"Friendswood, Texas (Friendswood)",http://www.usctrojans.com/sports/m-baskbl/mtt/blasczyk_james00.html,USC,MBBALL,2011-2012,14,Dewayne Dedmon,Dedmon,Dewayne,Forward,,255,RS SO,"Lancaster, Calif. (Lancaster)",http://www.usctrojans.com/sports/m-baskbl/mtt/dedmon_dewayne00.html,USC,MBBALL,2011-2012,41,Danilo Dragovic,Dragovic,Danilo,Guard,6/5/13,195,FR,"Belgrade, Serbia (Harvard-Westlake)",http://www.usctrojans.com/sports/m-baskbl/mtt/dragovic_danilo00.html,USC,MBBALL,2011-2012,1,Jio Fontan,Fontan,Jio,Guard,6/1/00,175,SR,"Paterson, N.J. (St. Anthony's)",http://www.usctrojans.com/sports/m-baskbl/mtt/fontan_jio00.html,USC,MBBALL,2011-2012,21,Aaron Fuller,Fuller,Aaron,Forward,6/6/13,235,RS JR,"Mesa, Ariz. (Mesa)",http://www.usctrojans.com/sports/m-baskbl/mtt/fuller_aaron00.html,USC,MBBALL,2011-2012,33,Garrett Jackson,Jackson,Garrett,Forward,6/6/13,225,SO,"Portland, Ore. (Westview)",http://www.usctrojans.com/sports/m-baskbl/mtt/jackson_garrett00.html,USC,MBBALL,2011-2012,10,Maurice Jones,Jones,Maurice,Guard,5/7/13,155,SO,"Saginaw, Mich. (Arthur Hill)",http://www.usctrojans.com/sports/m-baskbl/mtt/jones_maurice00.html,USC,MBBALL,2011-2012,3,Alexis Moore,Moore,Alexis,Guard,6/2/13,180,FR,"Long Beach, Calif. (Long Beach Poly)",http://www.usctrojans.com/sports/m-baskbl/mtt/moore_alexis00.html,USC,MBBALL,2011-2012,24,Daniel Munoz,Munoz,Daniel,Guard,5/10/13,175,JR,"Coto de Caza, Calif. (Santa Margarita)",http://www.usctrojans.com/sports/m-baskbl/mtt/munoz_daniel00.html,USC,MBBALL,2011-2012,22,Evan Smith,Smith,Evan,Forward,6/7/13,225,RS SO,"Calabasas, Calif. (Calabasas HS)",http://www.usctrojans.com/sports/m-baskbl/mtt/smith_evan00.html,USC,MBBALL,2011-2012,,Ari Stewart,Stewart,Ari,Forward,6/7/13,205,JR,"Marietta, Ga. (Wheeler)",http://www.usctrojans.com/sports/m-baskbl/mtt/stewart_ari00.html,USC,MBBALL,2011-2012,20,Eric Strangis,Strangis,Eric,Guard,6/4/13,190,SR,"La Crescenta, Calif. (Crescenta Valley)",http://www.usctrojans.com/sports/m-baskbl/mtt/strangis_eric00.html,USC,MBBALL,2011-2012,4,Tyler Sugiyama,Sugiyama,Tyler,Guard,5/10/13,150,RS SO,"Winnetka, Ill. (New Trier HS)",http://www.usctrojans.com/sports/m-baskbl/mtt/sugiyama_tyler00.html,USC,MBBALL,2011-2012,42,Curtis Washington,Washington,Curtis,Forward,6/10/13,245,SO,"Elizabethtown, Ky. (Elizabethtown HS)",http://www.usctrojans.com/sports/m-baskbl/mtt/washington_curtis00.html,USC,MBBALL,2011-2012,25,Byron Wesley,Wesley,Byron,Guard,6/5/13,210,FR,"Etiwanda, Calif. (Etiwanda)",http://www.usctrojans.com/sports/m-baskbl/mtt/wesley_byron00.html,USC,MBBALL,2011-2012,34,Eric Wise,Wise,Eric,Forward,6/6/13,240,SR,"Riverside, Calif. (King)",http://www.usctrojans.com/sports/m-baskbl/mtt/wise_eric00.html,USC,MBBALL,2010-2011,3,James Dunleavy,Dunleavy,James,Guard,6/6/13,195,RS JR,"Los Angeles, Calif. (Harvard-Westlake)",http://www.usctrojans.com/sports/m-baskbl/mtt/dunleavy_james00.html,USC,MBBALL,2010-2011,2,Jio Fontan,Fontan,Jio,Guard,6/1/00,175,JR,"Paterson, N.J. (St. Anthony's)",http://www.usctrojans.com/sports/m-baskbl/mtt/fontan_jio00.html,USC,MBBALL,2010-2011,21,Aaron Fuller,Fuller,Aaron,Forward,6/6/13,235,JR,"Mesa, Ariz. (Mesa)",http://www.usctrojans.com/sports/m-baskbl/mtt/fuller_aaron00.html,USC,MBBALL,2010-2011,33,Garrett Jackson,Jackson,Garrett,Forward,6/6/13,215,FR,"Portland, Ore. (Westview)",http://www.usctrojans.com/sports/m-baskbl/mtt/jackson_garrett00.html,USC,MBBALL,2010-2011,10,Maurice Jones,Jones,Maurice,Guard,5/7/13,155,FR,"Saginaw, Mich. (Arthur Hill)",http://www.usctrojans.com/sports/m-baskbl/mtt/jones_maurice00.html,USC,MBBALL,2010-2011,35,Daniel Munoz,Munoz,Daniel,Guard,5/10/13,175,SO,"Coto de Caza, Calif. (Santa Margarita)",http://www.usctrojans.com/sports/m-baskbl/mtt/munoz_daniel00.html,USC,MBBALL,2010-2011,43,Marcus Simmons,Simmons,Marcus,Guard,6/6/13,220,SR,"Alexandria, La. (Peabody High)",http://www.usctrojans.com/sports/m-baskbl/mtt/simmons_marcus00.html,USC,MBBALL,2010-2011,14,Donte Smith,Smith,Donte,Guard,5/11/13,180,RS SR,"Pomona, Calif. (Diamond Ranch)",http://www.usctrojans.com/sports/m-baskbl/mtt/smith_donte00.html,USC,MBBALL,2010-2011,22,Evan Smith,Smith,Evan,Forward,6/7/13,225,SO,"Calabasas, Calif. (Calabasas HS)",http://www.usctrojans.com/sports/m-baskbl/mtt/smith_evan00.html,USC,MBBALL,2010-2011,1,Alex Stepheson,Stepheson,Alex,Forward,6/10/13,250,RS SR,"Los Angeles, Calif. (Harvard-Westlake)",http://www.usctrojans.com/sports/m-baskbl/mtt/stepheson_alex00.html,USC,MBBALL,2010-2011,20,Eric Strangis,Strangis,Eric,Guard,6/4/13,190,JR,"La Crescenta, Calif. (Crescenta Valley)",http://www.usctrojans.com/sports/m-baskbl/mtt/strangis_eric00.html,USC,MBBALL,2010-2011,4,Tyler Sugiyama,Sugiyama,Tyler,Guard,5/10/13,150,RS FR,"Winnetka, Ill. (New Trier HS)",http://www.usctrojans.com/sports/m-baskbl/mtt/sugiyama_tyler00.html,USC,MBBALL,2010-2011,5,Nikola Vucevic,Vucevic,Nikola,Forward,6/10/13,240,JR,"Bar, Montenegro (Stoneridge Prep)",http://www.usctrojans.com/sports/m-baskbl/mtt/vucevic_nikola00.html,USC,MBBALL,2010-2011,42,Curtis Washington,Washington,Curtis,Forward,6/10/13,230,FR,"Elizabethtown, Ky. (Elizabethtown HS)",http://www.usctrojans.com/sports/m-baskbl/mtt/washington_curtis00.html,USC,MBBALL,2009-2010,43,Kasey Cunningham,Cunningham,Kasey,Forward,6/7/13,225,RS JR,"Albuquerque, N.M. (Cibola High)",http://www.usctrojans.com/sports/m-baskbl/mtt/cunningham_kasey00.html,USC,MBBALL,2009-2010,3,James Dunleavy,Dunleavy,James,Guard,6/6/13,195,RS SO,"Los Angeles, Calif. (Harvard-Westlake)",http://www.usctrojans.com/sports/m-baskbl/mtt/dunleavy_james00.html,USC,MBBALL,2009-2010,34,Korri Ennis,Ennis,Korri,Guard,6/1/00,180,RS SO,"Brandon, Fla. (Brandon HS)",http://www.usctrojans.com/sports/m-baskbl/mtt/ennis_korri00.html,USC,MBBALL,2009-2010,44,Mike Gerrity,Gerrity,Mike,Guard,6/1/13,180,RS SR,"Yorba Linda, Calif. (Mater Dei)",http://www.usctrojans.com/sports/m-baskbl/mtt/gerrity_mike00.html,USC,MBBALL,2009-2010,0,Marcus Johnson,Johnson,Marcus,Forward,6/6/13,210,RS SR,"Los Angeles, Calif. (Westchester)",http://www.usctrojans.com/sports/m-baskbl/mtt/johnson_marcus00.html,USC,MBBALL,2009-2010,21,Dwight Lewis,Lewis,Dwight,Guard,6/5/13,215,SR,"Metairie, La. (Taylor High (TX))",http://www.usctrojans.com/sports/m-baskbl/mtt/lewis_dwight00.html,USC,MBBALL,2009-2010,15,Percy Miller,Miller,Percy,Guard,5/11/13,170,SO,"New Orleans, La. (Beverly Hills)",http://www.usctrojans.com/sports/m-baskbl/mtt/miller_percy00.html,USC,MBBALL,2009-2010,35,Daniel Munoz,Munoz,Daniel,Guard,5/10/13,175,FR,"Coto de Caza, Calif. (Santa Margarita)",http://www.usctrojans.com/sports/m-baskbl/mtt/munoz_daniel00.html,USC,MBBALL,2009-2010,13,Davis Rozitis,Rozitis,Davis,Forward/Center,7/1/00,215,FR,"Cesis, Latvia (Cesis State Grammar School)",http://www.usctrojans.com/sports/m-baskbl/mtt/rozitis_davis00.html,USC,MBBALL,2009-2010,20,Marcus Simmons,Simmons,Marcus,Guard,6/6/13,200,JR,"Alexandria, La. (Peabody High)",http://www.usctrojans.com/sports/m-baskbl/mtt/simmons_marcus00.html,0USC,MBBALL,2009-2010,14,Donte Smith,Smith,Donte,Guard,5/11/13,180,RS JR,"Pomona, Calif. (Diamond Ranch)",http://www.usctrojans.com/sports/m-baskbl/mtt/smith_donte00.html,USC,MBBALL,2009-2010,22,Evan Smith,Smith,Evan,Forward,6/7/13,210,FR,"Calabasas, Calif. (Calabasas HS)",http://www.usctrojans.com/sports/m-baskbl/mtt/smith_evan00.html,USC,MBBALL,2009-2010,1,Alex Stepheson,Stepheson,Alex,Forward,6/9/13,235,RS JR,"Los Angeles, Calif. (Harvard-Westlake)",http://www.usctrojans.com/sports/m-baskbl/mtt/stepheson_alex00.html,USC,MBBALL,2009-2010,10,Tyler Sugiyama,Sugiyama,Tyler,Guard,5/10/13,150,FR,"Winnetka, Ill. (New Trier HS)",http://www.usctrojans.com/sports/m-baskbl/mtt/sugiyama_tyler00.html,USC,MBBALL,2009-2010,5,Nikola Vucevic,Vucevic,Nikola,Forward,6/10/13,240,SO,"Bar, Montenegro (Stoneridge Prep)",http://www.usctrojans.com/sports/m-baskbl/mtt/vucevic_nikola00.html,USC,MBBALL,2009-2010,4,Leonard Washington,Washington,Leonard,Forward,6/7/13,230,SO,"Lake Charles, L.A. (Marion)",http://www.usctrojans.com/sports/m-baskbl/mtt/washington_leonard00.html,USC,MBBALL,2008-2009,43,Kasey Cunningham,Cunningham,Kasey,Forward,6/7/13,225,RS SO,"Albuquerque, N.M. (Cibola High)",http://www.usctrojans.com/sports/m-baskbl/mtt/cunningham_kasey00.html,USC,MBBALL,2008-2009,10,DeMar DeRozan,DeRozan,DeMar,Forward,6/7/13,220,FR,"Compton, Calif. (Compton)",http://www.usctrojans.com/sports/m-baskbl/mtt/derozan_demar00.html,USC,MBBALL,2008-2009,14,Mamadou Diarra,Diarra,Mamadou,Forward,7/1/00,230,RS FR,"Bamako, Mali (Stoneridge Prep)",http://www.usctrojans.com/sports/m-baskbl/mtt/diarra_mamadou00.html,USC,MBBALL,2008-2009,3,James Dunleavy,Dunleavy,James,Guard,6/6/13,195,RS FR,"Los Angeles, Calif. (Harvard-Westlake)",http://www.usctrojans.com/sports/m-baskbl/mtt/dunleavy_james00.html,USC,MBBALL,2008-2009,22,Taj Gibson,Gibson,Taj,Forward,6/9/13,225,JR,"Brooklyn, N.Y. (Calvary Christian High)",http://www.usctrojans.com/sports/m-baskbl/mtt/gibson_taj00.html,USC,MBBALL,2008-2009,30,Terence Green,Green,Terence,Guard,5/11/13,180,SR,"Aliso Viejo, Calif. (Aliso Niguel)",http://www.usctrojans.com/sports/m-baskbl/mtt/green_terence00.html,USC,MBBALL,2008-2009,13,Daniel Hackett,Hackett,Daniel,Guard,6/5/13,215,JR,"Pesaro, Italy (St. John Bosco (CA))",http://www.usctrojans.com/sports/m-baskbl/mtt/hackett_daniel00.html,USC,MBBALL,2008-2009,0,Marcus Johnson,Johnson,Marcus,Forward,6/6/13,210,SR,"Los Angeles, Calif. (Westchester)",http://www.usctrojans.com/sports/m-baskbl/mtt/johnson_marcus00.html,USC,MBBALL,2008-2009,21,Dwight Lewis,Lewis,Dwight,Guard,6/5/13,215,JR,"Metairie, La. (Taylor High (TX))",http://www.usctrojans.com/sports/m-baskbl/mtt/lewis_dwight00.html,USC,MBBALL,2008-2009,34,J.J. Meyers,Meyers,J.J.,Guard,6/2/13,175,JR,"Hidden Hills, Calif. (Campbell Hall)",http://www.usctrojans.com/sports/m-baskbl/mtt/meyers_j.j.00.html,USC,MBBALL,2008-2009,15,Percy Miller,Miller,Percy,Guard,5/11/13,170,FR,"Beverly Hills, Calif. (Beverly Hills)",http://www.usctrojans.com/sports/m-baskbl/mtt/miller_percy00.html,USC,MBBALL,2008-2009,20,Marcus Simmons,Simmons,Marcus,Guard,6/6/13,200,SO,"Alexandria, La. (Peabody High)",http://www.usctrojans.com/sports/m-baskbl/mtt/simmons_marcus00.html,USC,MBBALL,2008-2009,35,Donte Smith,Smith,Donte,Guard,5/11/13,180,RS SO,"Pomona, Calif. (Diamond Ranch)",http://www.usctrojans.com/sports/m-baskbl/mtt/smith_donte00.html,USC,MBBALL,2008-2009,1,Alex Stepheson,Stepheson,Alex,Forward,6/9/13,235,JR,"Los Angeles, Calif. (Harvard-Westlake)",http://www.usctrojans.com/sports/m-baskbl/mtt/stepheson_alex00.html,USC,MBBALL,2008-2009,5,Nikola Vucevic,Vucevic,Nikola,Forward,6/10/13,220,FR,"Bar, Montenegro (Stoneridge Prep)",http://www.usctrojans.com/sports/m-baskbl/mtt/vucevic_nikola00.html,USC,MBBALL,2008-2009,4,Leonard Washington,Washington,Leonard,Forward,6/7/13,230,FR,"Lake Charles, L.A. (Marion)",http://www.usctrojans.com/sports/m-baskbl/mtt/washington_leonard00.html,USC,MBBALL,2008-2009,2,Ryan Wetherell,Wetherell,Ryan,Guard,5/11/13,175,JR,"Calgary, Alberta, CN (Sr. Winston Churchill)",http://www.usctrojans.com/sports/m-baskbl/mtt/wetherell_ryan00.html,USC,MBBALL,2008-2009,23,Keith Wilkinson,Wilkinson,Keith,Forward,6/10/13,225,SR,"Mission Viejo, Calif. (Capistrano Valley)",http://www.usctrojans.com/sports/m-baskbl/mtt/wilkinson_keith00.html,USC,MBBALL,2007-2008,0,Kyle Austin,Austin,Kyle,Forward,6/7/13,205,SO,"Pasadena, Calif. (Pasadena High)",http://www.usctrojans.com/sports/m-baskbl/mtt/austin_kyle00.html,USC,MBBALL,2007-2008,33,RouSean Cromwell,Cromwell,RouSean,Forward,6/11/13,225,JR,"Memphis, Tenn. (IMG Academy-Fla.)",http://www.usctrojans.com/sports/m-baskbl/mtt/cromwell_rousean00.html,USC,MBBALL,2007-2008,43,Kasey Cunningham,Cunningham,Kasey,Forward,6/7/13,225,RS FR,"Albuquerque, N.M. (Cibola High)",http://www.usctrojans.com/sports/m-baskbl/mtt/cunningham_kasey00.html,USC,MBBALL,2007-2008,14,Mamadou Diarra,Diarra,Mamadou,Forward,7/1/00,230,FR,"Bamako, Mali (Stoneridge Prep)",http://www.usctrojans.com/sports/m-baskbl/mtt/diarra_mamadou00.html,USC,MBBALL,2007-2008,3,James Dunleavy,Dunleavy,James,Guard,6/6/13,190,FR,"Los Angeles, Calif. (Harvard-Westlake)",http://www.usctrojans.com/sports/m-baskbl/mtt/dunleavy_james00.html,USC,MBBALL,2007-2008,22,Taj Gibson,Gibson,Taj,Forward,6/9/13,225,SO,"Brooklyn, N.Y. (Calvary Christian High)",http://www.usctrojans.com/sports/m-baskbl/mtt/gibson_taj00.html,USC,MBBALL,2007-2008,30,Terence Green,Green,Terence,Guard,5/11/13,180,JR,"Aliso Viejo, Calif. (Aliso Niguel)",http://www.usctrojans.com/sports/m-baskbl/mtt/green_terence00.html,USC,MBBALL,2007-2008,13,Daniel Hackett,Hackett,Daniel,Guard,6/5/13,205,SO,"Pesaro, Italy (St. John Bosco (CA))",http://www.usctrojans.com/sports/m-baskbl/mtt/hackett_daniel00.html,USC,MBBALL,2007-2008,5,Davon Jefferson,Jefferson,Davon,Forward,6/8/13,215,FR,"Lynwood, Calif. (Lynwood High)",http://www.usctrojans.com/sports/m-baskbl/mtt/jefferson_davon00.html,USC,MBBALL,2007-2008,1,Angelo Johnson,Johnson,Angelo,Guard,5/11/13,180,FR,"Minneapolis, Minn. (Stoneridge Prep)",http://www.usctrojans.com/sports/m-baskbl/mtt/johnson_angelo00.html,USC,MBBALL,2007-2008,21,Dwight Lewis,Lewis,Dwight,Guard,6/5/13,215,SO,"Metairie, La. (Taylor High (TX))",http://www.usctrojans.com/sports/m-baskbl/mtt/lewis_dwight00.html,USC,MBBALL,2007-2008,32,O.J. Mayo,Mayo,O.J.,Guard,6/5/13,200,FR,Huntington WV (Huntington High),http://www.usctrojans.com/sports/m-baskbl/mtt/mayo_o.j.00.html,USC,MBBALL,2007-2008,20,Marcus Simmons,Simmons,Marcus,Guard,6/6/13,200,FR,"Alexandria, La. (Peabody High)",http://www.usctrojans.com/sports/m-baskbl/mtt/simmons_marcus00.html,USC,MBBALL,2007-2008,2,Ryan Wetherell,Wetherell,Ryan,Guard,5/11/13,175,SO,"Calgary, Alberta, CN (Sr. Winston Churchill)",http://www.usctrojans.com/sports/m-baskbl/mtt/wetherell_ryan00.html,USC,MBBALL,2007-2008,23,Keith Wilkinson,Wilkinson,Keith,Forward,6/10/13,225,JR,"Mission Viejo, Calif. (Capistrano Valley)",http://www.usctrojans.com/sports/m-baskbl/mtt/wilkinson_keith00.html,USC,MBBALL,2006-2007,20,Kyle Austin,Austin,Kyle,Forward,6/7/13,195,FR,"Pasadena, Calif. (Pasadena High)",http://www.usctrojans.com/sports/m-baskbl/mtt/austin_kyle00.html,USC,MBBALL,2006-2007,42,RouSean Cromwell,Cromwell,RouSean,Forward,6/11/13,217,SO,"Memphis, Tenn. (IMG Academy-Fla.)",http://www.usctrojans.com/sports/m-baskbl/mtt/cromwell_rousean00.html,USC,MBBALL,2006-2007,43,Kasey Cunningham,Cunningham,Kasey,Forward,6/7/13,220,FR,"Albuquerque, N.M. (Cibola High)",http://www.usctrojans.com/sports/m-baskbl/mtt/cunningham_kasey00.html,USC,MBBALL,2006-2007,44,Reed Doucette,Doucette,Reed,Forward,6/6/13,215,SR,"Lodi, CA (Lodi)",http://www.usctrojans.com/sports/m-baskbl/mtt/doucette_reed00.html,USC,MBBALL,2006-2007,22,Taj Gibson,Gibson,Taj,Forward,6/9/13,210,FR,"Brooklyn, N.Y. (Calvary Christian High)",http://www.usctrojans.com/sports/m-baskbl/mtt/gibson_taj00.html,USC,MBBALL,2006-2007,30,Terence Green,Green,Terence,Guard,5/10/13,176,SO,"Aliso Viejo, Calif. (Aliso Niguel)",http://www.usctrojans.com/sports/m-baskbl/mtt/green_terence00.html,USC,MBBALL,2006-2007,13,Daniel Hackett,Hackett,Daniel,Guard,6/5/13,205,FR,"Downey, Calif. (St. John Bosco)",http://www.usctrojans.com/sports/m-baskbl/mtt/hackett_daniel00.html,USC,MBBALL,2006-2007,15,Dwight Lewis,Lewis,Dwight,Guard,6/5/13,200,FR,"Metairie, La. (Taylor High (TX))",http://www.usctrojans.com/sports/m-baskbl/mtt/lewis_dwight00.html,USC,MBBALL,2006-2007,21,Abdoulaye N'diaye,N'diaye,Abdoulaye,Center,6/11/13,220,SR,"Dakar, Senegal",http://www.usctrojans.com/sports/m-baskbl/mtt/n'diaye_abdoulaye00.html,USC,MBBALL,2006-2007,10,Chris Penrose,Penrose,Chris,Guard,6/1/00,172,SR,San Diego (Francis Parker HS),http://www.usctrojans.com/sports/m-baskbl/mtt/penrose_chris00.html,USC,MBBALL,2006-2007,34,Gabe Pruitt,Pruitt,Gabe,Guard,6/4/13,170,JR,"Los Angeles, Calif. (Westchester HS)",http://www.usctrojans.com/sports/m-baskbl/mtt/pruitt_gabe00.html,USC,MBBALL,2006-2007,3,Lodrick Stewart,Stewart,Lodrick,Guard,6/4/13,210,SR,"Seattle, Wash. (Rainier Beach)",http://www.usctrojans.com/sports/m-baskbl/mtt/stewart_lodrick00.html,USC,MBBALL,2006-2007,2,Ryan Wetherell,Wetherell,Ryan,Guard,5/10/13,165,FR,"Calgary, Alberta, CN (Sr. Winston Churchill)",http://www.usctrojans.com/sports/m-baskbl/mtt/wetherell_ryan00.html,USC,MBBALL,2006-2007,23,Keith Wilkinson,Wilkinson,Keith,Forward,6/10/13,220,SO,"Mission Viejo, Calif. (Capistrano Valley)",http://www.usctrojans.com/sports/m-baskbl/mtt/wilkinson_keith00.html,USC,MBBALL,2006-2007,1,Nick Young,Young,Nick,Guard/Forward,6/6/13,200,JR,"Los Angeles, CA (Reseda)",http://www.usctrojans.com/sports/m-baskbl/mtt/young_nick00.html,USC,MBBALL,2005-2006,41,Jeremy Barr,Barr,Jeremy,Forward,6/8/13,265,FR,"New Providence, Bahamas (Houston Westbury Christian)",http://www.usctrojans.com/sports/m-baskbl/mtt/barr_jeremy00.html,USC,MBBALL,2005-2006,42,RouSean Cromwell,Cromwell,RouSean,Forward,6/10/13,215,FR,"Memphis, Tenn. (IMG Academy-Fla.)",http://www.usctrojans.com/sports/m-baskbl/mtt/cromwell_rousean00.html,USC,MBBALL,2005-2006,44,Reed Doucette,Doucette,Reed,Forward,6/6/13,215,JR,"Lodi, CA (Lodi)",http://www.usctrojans.com/sports/m-baskbl/mtt/doucette_reed00.html,USC,MBBALL,2005-2006,12,Ryan Francis,Francis,Ryan,Guard,5/11/13,180,FR,"Baton Rouge, LA (Glen Oaks)",http://www.usctrojans.com/sports/m-baskbl/mtt/francis_ryan00.html,USC,MBBALL,2005-2006,40,Greg Gaudino,Gaudino,Greg,Forward,6/6/13,195,SR,"La Canada, Calif. (La Canada)",http://www.usctrojans.com/sports/m-baskbl/mtt/gaudino_greg00.html,USC,MBBALL,2005-2006,11,Adam Goldston,Goldston,Adam,Guard,5/10/13,185,FR,Beverly Hills (Montclair Prep),http://www.usctrojans.com/sports/m-baskbl/mtt/goldston_adam00.html,USC,MBBALL,2005-2006,13,Ryan Goldston,Goldston,Ryan,Guard,5/10/13,165,FR,Beverly Hills (Montclair Prep),http://www.usctrojans.com/sports/m-baskbl/mtt/goldston_ryan00.html,USC,MBBALL,2005-2006,21,Abdoulaye N'diaye,N'diaye,Abdoulaye,Center,6/11/13,230,JR,"Dakar, Senegal",http://www.usctrojans.com/sports/m-baskbl/mtt/n'diaye_abdoulaye00.html,USC,MBBALL,2005-2006,25,Sead Odzic,Odzic,Sead,Guard,6/3/13,180,FR,"Skokie, Ill. (Niles West)",http://www.usctrojans.com/sports/m-baskbl/mtt/odzic_sead00.html,USC,MBBALL,2005-2006,10,Chris Penrose,Penrose,Chris,Guard,,160,JR,San Diego (Francis Parker HS),http://www.usctrojans.com/sports/m-baskbl/mtt/penrose_chris00.html,USC,MBBALL,2005-2006,34,Gabe Pruitt,Pruitt,Gabe,Guard,6/4/13,170,SO,"Los Angeles, Calif. (Westchester HS)",http://www.usctrojans.com/sports/m-baskbl/mtt/pruitt_gabe00.html,USC,MBBALL,2005-2006,30,Collin Robinson,Robinson,Collin,Guard,6/1/00,170,FR,"West Covina, Calif. (Diamond Bar)",http://www.usctrojans.com/sports/m-baskbl/mtt/robinson_collin00.html,USC,MBBALL,2005-2006,15,Dwayne Shackleford,Shackleford,Dwayne,Guard,5/10/13,185,SR,"Washington, DC (Anacostia ",http://www.usctrojans.com/sports/m-baskbl/mtt/shackleford_dwayne00.html,USC,MBBALL,2005-2006,3,Lodrick Stewart,Stewart,Lodrick,Guard,6/4/13,210,JR,"Seattle, Wash. (Rainier Beach)",,USC,MBBALL,2005-2006,23,Keith Wilkinson,Wilkinson,Keith,Forward,6/9/13,215,FR,"Mission Viejo, Calif. (Capistrano Valley)",,USC,MBBALL,2005-2006,1,Nick Young,Young,Nick,Guard/Forward,6'6.5'',200,SO,"Los Angeles, CA (Reseda)",,