Player,Year,Position,Height,Weight,Hometown,City,State,High_School,Prior_College,ID_Player_Race,PlayerBio_URL,Formal_Stated_Major,College_Major_Group,Season,DBPediaCollege_NameAl Page,SO,DL,2-Jun,280,"Bronx, NY",Bronx,NY,Christopher Columbus High School,,AA,http://www.scarletknights.com/football/roster/detail.asp?id=19,Undeclared,Undeclared,2012-2013,Rutgers UniversityAndre Civil,SR,OL,3-Jun,275,"Brooklyn, NY",Brooklyn,NY,Sheepshead Bay High School,,AA,http://www.scarletknights.com/football/roster/detail.asp?id=4337,Criminal Justice,Criminal Studies,2012-2013,Rutgers UniversityAnthony DiPaula,SO,P,1-Jun,190,"Manalapan, NJ",Manalapan,NJ,St. John Vianney High School,,C,http://www.scarletknights.com/football/roster/detail.asp?id=4599,Undeclared,Undeclared,2012-2013,Rutgers UniversityAnthony Milito,SO,LB,11-May,240,"Basking Ridge, NJ",Basking Ridge,NJ,Ridge High School,,C,http://www.scarletknights.com/football/roster/detail.asp?id=4661,Undeclared,Undeclared,2012-2013,Rutgers UniversityAntwan Lowery,SR,OL,4-Jun,305,"Miami, FL",Miami,FL,Christopher Columbus High School,,AA,http://www.scarletknights.com/football/roster/detail.asp?id=4360,Labor Studies,Labor Studies,2012-2013,Rutgers UniversityAubrey Lewis,FR,RB,9-May,165,"Montclair, NJ",Montclair,NJ,Montclair High School,,AA,http://www.scarletknights.com/football/roster/detail.asp?id=4659,Undeclared,Undeclared,2012-2013,Rutgers UniversityBeau Bachety,SR,TE,4-Jun,255,"Babylon, NY",Babylon,NY,Babylon High School,,C,http://www.scarletknights.com/football/roster/detail.asp?id=3936,Criminal Justice,Criminal Studies,2012-2013,Rutgers UniversityBen Martin,SO,RB,11-May,185,"Galloway, NJ",Galloway,NJ,Absegami High School,,AA,http://www.scarletknights.com/football/roster/detail.asp?id=16,Undeclared,Undeclared,2012-2013,Rutgers UniversityBetim Bujari,JR,OL,4-Jun,290,"Secaucus, NJ",Secaucus,NJ,Secaucus High School,,C,http://www.scarletknights.com/football/roster/detail.asp?id=4479,Information Technology and Informatics,Science and Technology,2012-2013,Rutgers UniversityBlake Rankin,FR,QB,4-Jun,190,"Bloomsburg, PA",Bloomsburg,PA,Bloomsburg High School,,C,http://www.scarletknights.com/football/roster/detail.asp?id=4867,Undeclared,Undeclared,2012-2013,Rutgers UniversityBrandon Arcidiacono,FR,OL,4-Jun,260,"Holland, PA",Holland,PA,Archbishop Wood High School,,C,http://www.scarletknights.com/football/roster/detail.asp?id=4857,Undeclared,Undeclared,2012-2013,Rutgers UniversityBrandon Coleman,JR,WR,6-Jun,220,"Accokeek, MD",Accokeek,MD,Bishop McNamara,,AA,http://www.scarletknights.com/football/roster/detail.asp?id=4519,Labor Studies,Labor Studies,2012-2013,Rutgers UniversityBrandon Jones,SR,DB,1-Jun,185,"Sicklerville, NJ",Sicklerville,NJ,Winslow Township High School,,AA,http://www.scarletknights.com/football/roster/detail.asp?id=3979,Labor Studies,Labor Studies,2012-2013,Rutgers UniversityBryan Leoni,JR,OL,6-Jun,280,"Flemington, NJ",Flemington,NJ,Hunterdon Central High School,,C,http://www.scarletknights.com/football/roster/detail.asp?id=4543,Communication,Communications,2012-2013,Rutgers UniversityCarlton Agudosi,FR,WR,6-Jun,200,"Somerset, NJ",Somerset,NJ,Franklin High School,,AA,http://www.scarletknights.com/football/roster/detail.asp?id=4849,Undeclared,Undeclared,2012-2013,Rutgers UniversityChas Dodd,JR,QB,Jun-00,200,"Lyman, SC",Lyman,SC,West Morris Central High School,,C,http://www.scarletknights.com/football/roster/detail.asp?id=4521,Communication,Communications,2012-2013,Rutgers UniversityChris Fonti,JR,OL,7-Jun,300,"Wayne, NJ",Wayne,NJ,Wayne Hills High School,,C,http://www.scarletknights.com/football/roster/detail.asp?id=4536,Economics,Economics,2012-2013,Rutgers UniversityChris Muller,FR,OL,6-Jun,315,"Perkiomenville, PA",Perkiomenville,PA,Boyertown High School,,C,http://www.scarletknights.com/football/roster/detail.asp?id=4860,Undeclared,Undeclared,2012-2013,Rutgers UniversityConnor Lyons,FR,LB,3-Jun,230,"Flemington, NJ",Flemington,NJ,Hunterdon Central High School,,C,http://rutgers.scout.com/a.z?s=183&p=8&c=1&nid=4707110,Undeclared,Undeclared,2012-2013,Rutgers UniversityDallas Hendrikson,SR,C,2-Jun,295,"Saint Ansgar, IA",Saint Ansgar,IA,St. Ansgar High School,Iowa Western Community College,C,http://www.scarletknights.com/football/roster/detail.asp?id=4600,Animal Science,Animal Science,2012-2013,Rutgers UniversityDallas Whitaker,SO,LB,2-Jun,215,"Milford, NJ",Milford,NJ,Immaculata High School,,C,http://www.scarletknights.com/football/roster/detail.asp?id=4664,Undeclared,Undeclared,2012-2013,Rutgers UniversityDarius Hamilton,FR,DL,4-Jun,260,"West Paterson, NJ",West Paterson,NJ,Darius Hamilton,,C,http://www.scarletknights.com/football/roster/detail.asp?id=4863,Undeclared,Undeclared,2012-2013,Rutgers UniversityDaryl Stephenson,SO,DL,3-Jun,280,"Sayreville, NJ",Sayreville,NJ,Manalapan High School,,AA,http://www.scarletknights.com/football/roster/detail.asp?id=23,Undeclared,Undeclared,2012-2013,Rutgers UniversityDavid Milewski,JR,DE,4-Jun,245,"Sayreville, NJ",Sayreville,NJ,Sayreville High School,,C,http://www.scarletknights.com/football/roster/detail.asp?id=4525,Finance,Finance,2012-2013,Rutgers UniversityDavid Osei,SR,OL,4-Jun,280,"Abington, PA",Abington,PA,Christopher Columbus High School,,AA,http://rutgers.scout.com/a.z?s=183&p=8&c=1&nid=6473503,Labor Studies,Labor Studies,2012-2013,Rutgers UniversityDavon Jacobs,FR,DB,Jun-00,170,"Paterson, NJ",Paterson,NJ,DePaul Catholic High School,,AA,http://www.scarletknights.com/football/roster/detail.asp?id=4850,Undeclared,Undeclared,2012-2013,Rutgers UniversityDerrick Nelson,FR,OL,3-Jun,290,"Capitol Heights, MD",Capitol Heights,MD,Archbishop Carroll High School,,AA,http://www.scarletknights.com/football/roster/detail.asp?id=4855,Undeclared,Undeclared,2012-2013,Rutgers UniversityDesmon Peoples,FR,RB,8-May,175,"Cheltenham, PA",Cheltenham,PA,Archbishop Wood High School,,AA,http://www.scarletknights.com/football/roster/detail.asp?id=4858,Undeclared,Undeclared,2012-2013,Rutgers UniversityDevon Watkis,SR,OL,7-Jun,320,"Coram, NY",Coram,NY,Longwood High School,,AA,http://www.scarletknights.com/football/roster/detail.asp?id=4037,Journalism and Media Studies,Journalism,2012-2013,Rutgers UniversityDjwany Mera,SO,DL,4-Jun,260,"Hollywood, FL",Hollywood,FL,"South Broward High School, Hargrave Military Academy",,AA,http://rutgers.scout.com/a.z?s=183&p=8&c=1&nid=4731837,Undeclared,Undeclared,2012-2013,Rutgers UniversityGareef Glashen,JR,DB,10-May,180,"Miami, FL",Miami,FL,Carol City High School,,AA,http://www.scarletknights.com/football/roster/detail.asp?id=4516,Labor Studies,Labor Studies,2012-2013,Rutgers UniversityGary Nova,SO,QB,2-Jun,225,"Elmwood Park, NJ",Elmwood Park,NJ,Don Bosco Prep,,C,http://www.scarletknights.com/football/roster/detail.asp?id=18,Undeclared,Undeclared,2012-2013,Rutgers UniversityGriffin Murray,SO,LB,1-Jun,235,"Rye, NY",Rye,NY,Suffield Academy ,,C,http://www.scarletknights.com/football/roster/detail.asp?id=4662,Undeclared,Undeclared,2012-2013,Rutgers UniversityHugh Ahern,JR,OL,7-Jun,295,"Maplewood, NJ",Maplewood,NJ,"Hudson Catholic High School, The Peddie School",,C,http://www.scarletknights.com/football/roster/detail.asp?id=4537,History,History,2012-2013,Rutgers UniversityIan Thomas,FR,WR,1-Jun,200,"Baltimore, MD",Baltimore,MD,Franklin High School,,AA,http://www.scarletknights.com/football/roster/detail.asp?id=4859,Undeclared,Undeclared,2012-2013,Rutgers UniversityIsaac Holmes,SR,DL,3-Jun,275,"Jersey City, NJ",Jersey City,NJ,Hoboken High School,,AA,http://www.scarletknights.com/football/roster/detail.asp?id=4357,Criminal Justice,Criminal Studies,2012-2013,Rutgers UniversityJ.J. Denman,FR,OL,6-Jun,310,"Yardley, PA",Yardley,PA,Pennsbury High School,,AA,http://www.scarletknights.com/football/roster/detail.asp?id=4851,Undeclared,Undeclared,2012-2013,Rutgers UniversityJ.T. Tartacoff,JR,DB,11-May,190,"Skillman, NJ",Skillman,NJ,Montgomery High School,,C,http://www.scarletknights.com/football/roster/detail.asp?id=4540,Economics,Economics,2012-2013,Rutgers UniversityJamal Merrell,SR,LB,4-Jun,220,"Bear, DE",Bear,DE,Hodgson Vo-Tech High School,,AA,http://www.scarletknights.com/football/roster/detail.asp?id=4361,Labor Studies,Labor Studies,2012-2013,Rutgers UniversityJamil Merrell,SR,DL,4-Jun,255,"Bear, DE",Bear,DE,Hodgson Vo-Tech High School,,AA,http://www.scarletknights.com/football/roster/detail.asp?id=4362,Labor Studies,Labor Studies,2012-2013,Rutgers UniversityJamil Pollard,FR,DL,3-Jun,280,"Deptford, NJ",Deptford,NJ,West Deptford High School,,AA,http://www.scarletknights.com/football/roster/detail.asp?id=4480,Undeclared,Undeclared,2012-2013,Rutgers UniversityJawaun Wynn,JR,DE,3-Jun,215,"Piscataway, NJ",Piscataway,NJ,Piscataway High School,,AA,http://www.scarletknights.com/football/roster/detail.asp?id=4541,Undeclared,Undeclared,2012-2013,Rutgers UniversityJeff Gignac,FR,WR,5-Jun,210,"Wayne, NJ",Wayne,NJ,Wayne Hills High School,,C,http://www.scarletknights.com/football/roster/detail.asp?id=4653,Undeclared,Undeclared,2012-2013,Rutgers UniversityJeremy Deering,JR,WR,2-Jun,210,"Tampa, FL",Tampa,FL,Leto High School,,AA,http://www.scarletknights.com/football/roster/detail.asp?id=4520,Labor Studies,Labor Studies,2012-2013,Rutgers UniversityJevon Tyree,FR,DB,11-May,190,"Somerset, NJ",Somerset,NJ,South Brunswick High School,,AA,http://www.scarletknights.com/football/roster/detail.asp?id=4868,Undeclared,Undeclared,2012-2013,Rutgers UniversityJohn Clarke,SO,WR,9-May,175,"Hackensack, NJ",Hackensack,NJ,Hackensack High School,,AA,http://rutgers.rivals.com/cviewplayer.asp?Player=448848,Undeclared,Undeclared,2012-2013,Rutgers UniversityJohnathan Aiken,SO,DB,11-May,185,"Fort Lauderdale, FL",Fort Lauderdale,FL,Chaminade High School,,AA,http://www.scarletknights.com/football/roster/detail.asp?id=4598,Undeclared,Undeclared,2012-2013,Rutgers UniversityJorge Vicioso,JR,OL,6-Jun,305,"Passaic, NJ",Passaic,NJ,Passaic High School,,AA,http://www.scarletknights.com/football/roster/detail.asp?id=4539,Labor Studies,Labor Studies,2012-2013,Rutgers UniversityJulian Pinnix-Odrick,FR,DL,5-Jun,250,"Montclair, NJ",Montclair,NJ,Montclair High School,,AA,http://www.scarletknights.com/football/roster/detail.asp?id=4866,Undeclared,Undeclared,2012-2013,Rutgers UniversityJustin Doerner,SR,P,2-Jun,200,"Redondo Beach, CA",Redondo Beach,CA,Redondo Union High School,Los Angeles Harbor Junior College,C,http://www.scarletknights.com/football/roster/detail.asp?id=4657,Labor Studies,Labor Studies,2012-2013,Rutgers UniversityJustin Mills,JR,LB,1-Jun,230,"Sayreville, NJ",Sayreville,NJ,"Paterson Catholic High School, Camden Military Academy",,AA,http://www.scarletknights.com/football/roster/detail.asp?id=4533,English,English,2012-2013,Rutgers UniversityKa'Lial Glaud,SR,DE,2-Jun,230,"Sicklerville, NJ",Sicklerville,NJ,Winslow Twp. High School,,AA,http://www.scarletknights.com/football/roster/detail.asp?id=4372,Information Technology and Informatics,Science and Technology,2012-2013,Rutgers UniversityKaleb Johnson,SO,OL,4-Jun,300,"Jacksonville, FL",Jacksonville,FL,"Egg Harbor Township High School, Fork Union Military Academy",,AA,http://www.scarletknights.com/football/roster/detail.asp?id=26,Undeclared,Undeclared,2012-2013,Rutgers UniversityKeith Lumpkin,SO,OL,8-Jun,310,"Montclair, NJ",Montclair,NJ,St. Peterês Prep,,AA,http://www.scarletknights.com/football/roster/detail.asp?id=15,Undeclared,Undeclared,2012-2013,Rutgers UniversityKenneth Kirksey,SO,DL,1-Jun,275,"Daytona Beach, FL",Daytona Beach,FL,"Mainland High School, Fork Union Military Academy",,AA,http://www.scarletknights.com/football/roster/detail.asp?id=4601,Undeclared,Undeclared,2012-2013,Rutgers UniversityKevin Marquez,FR,DE,1-Jun,235,"Egg Harbor Township, NJ",Egg Harbor Township,NJ,Egg Harbor Township High School,,AA,http://www.scarletknights.com/football/roster/detail.asp?id=4898,Undeclared,Undeclared,2012-2013,Rutgers UniversityKevin Snyder,SO,LB,3-Jun,225,"Mechanicsburg, PA",Mechanicsburg,PA,Cumberland Valley High School,,C,http://www.scarletknights.com/football/roster/detail.asp?id=22,Undeclared,Undeclared,2012-2013,Rutgers UniversityKyle Federico,FR,K,Jun-00,195,"Ponte Vedra, FL",Ponte Vedra,FL,Ponte Vedra High School,,C,http://www.scarletknights.com/football/roster/detail.asp?id=4654,Undeclared,Undeclared,2012-2013,Rutgers UniversityLeonte Carroo,FR,WR,1-Jun,200,"Edison, NJ",Edison,NJ,Don Bosco Prep,,AA,http://www.scarletknights.com/football/roster/detail.asp?id=4865,Undeclared,Undeclared,2012-2013,Rutgers UniversityLorenzo Waters,JR,DB,Jun-00,200,"Accokeek, MD",Accokeek,MD,DeMatha Catholic High School,,AA,http://www.scarletknights.com/football/roster/detail.asp?id=4522,Political Science,Political Science,2012-2013,Rutgers UniversityMarcus Thompson,JR,DE,2-Jun,260,"Oakland Park, FL",Oakland Park,FL,Boyd Anderson High School,,AA,http://www.scarletknights.com/football/roster/detail.asp?id=4532,Labor Studies,Labor Studies,2012-2013,Rutgers UniversityMarquise Wright,SO,DL,3-Jun,285,"Englewood, NJ",Englewood,NJ,Paramus Catholic High School,,AA,http://www.scarletknights.com/football/roster/detail.asp?id=25,Undeclared,Undeclared,2012-2013,Rutgers UniversityMarvin Booker,SR,DE,2-Jun,240,"Piscataway, NJ",Piscataway,NJ,Piscataway High School,,AA,http://www.scarletknights.com/football/roster/detail.asp?id=3942,Labor Studies,Labor Studies,2012-2013,Rutgers UniversityMason Robinson,SR,DB,10-May,185,"Somerville, NJ",Somerville,NJ,Somerville High School,,AA,http://www.scarletknights.com/football/roster/detail.asp?id=4015,Labor Studies,Labor Studies,2012-2013,Rutgers UniversityMatt McBride,SR,OL,6-Jun,295,"Hicksville, NY",Hicksville,NY,Holy Trinity High School ,,C,http://www.scarletknights.com/football/roster/detail.asp?id=4482,Criminal Justice,Criminal Studies,2012-2013,Rutgers UniversityMax Issaka,SO,DE,3-Jun,255,"Port Reading, NJ",Port Reading,NJ,Woodbridge High School,,AA,http://www.scarletknights.com/football/roster/detail.asp?id=4482,Undeclared,Undeclared,2012-2013,Rutgers UniversityMezo Cooper,JR,DB,Jun-00,200,"Providence, RI",Providence,RI,Classical High School,,AA,http://www.scarletknights.com/football/roster/detail.asp?id=4733,Public Health,Public Health,2012-2013,Rutgers UniversityMichael Burton,JR,FB,Jun-00,230,"Long Valley, NJ",Long Valley,NJ,West Morris Central High School,,C,http://www.scarletknights.com/football/roster/detail.asp?id=4531,Communication,Communications,2012-2013,Rutgers UniversityMichael Larrow,SR,DL,4-Jun,270,"Union, NJ",Union,NJ,Union High School,,AA,http://www.scarletknights.com/football/roster/detail.asp?id=4359,Psychology,Psychology,2012-2013,Rutgers UniversityMike Bimonte,SO,QB,4-Jun,220,"Manalapan, NJ",Manalapan,NJ,Manalapan High School,,C,http://www.scarletknights.com/football/roster/detail.asp?id=2,Undeclared,Undeclared,2012-2013,Rutgers UniversityMiles Shuler,SO,WR,10-May,175,"Long Branch, NJ",Long Branch,NJ,Long Branch High School,,AA,http://www.scarletknights.com/football/roster/detail.asp?id=21,Undeclared,Undeclared,2012-2013,Rutgers UniversityMyles Jackson,SO,DE,4-Jun,235,"West Chester, PA",West Chester,PA,West Chester Henderson High School,,AA,http://www.scarletknights.com/football/roster/detail.asp?id=10,Undeclared,Undeclared,2012-2013,Rutgers UniversityNick Borgese,SO,K,11-May,175,"Hamburg, NY",Hamburg,NY,Saint Francis High School,,C,http://www.scarletknights.com/football/roster/detail.asp?id=4655,Undeclared,Undeclared,2012-2013,Rutgers UniversityNick DeLouisa,JR,K,3-Jun,200,"Tewksbury, MA",Tewksbury,MA,Immaculata High School,,C,http://www.scarletknights.com/football/roster/detail.asp?id=4544,Communication,Communications,2012-2013,Rutgers UniversityNick DePaola,SR,LB,Jun-00,210,"Parkton, MD",Parkton,MD,Hereford High School,,C,http://www.scarletknights.com/football/roster/detail.asp?id=4380,Communication,Communications,2012-2013,Rutgers UniversityPaul Canevari,SO,FB,11-May,220,"Warwick, NY",Warwick,NY,Don Bosco Prep,,C,http://www.scarletknights.com/football/roster/detail.asp?id=24,Undeclared,Undeclared,2012-2013,Rutgers UniversityPaul Carrezola,SR,TE,2-Jun,240,"Langhorne, PA",Langhorne,PA,Don Bosco Prep,,C,http://www.scarletknights.com/football/roster/detail.asp?id=4352,Communication,Communications,2012-2013,Rutgers UniversityPaul James,SO,RB,Jun-00,205,"Glassboro, NJ",Glassboro,NJ,Glassboro High School,,C,http://www.scarletknights.com/football/roster/detail.asp?id=4660,Undeclared,Undeclared,2012-2013,Rutgers UniversityQuanzell Lambert,FR,LB,1-Jun,230,"Sicklerville, NJ",Sicklerville,NJ,Timber Creek High School,,AA,http://www.scarletknights.com/football/roster/detail.asp?id=4853,Undeclared,Undeclared,2012-2013,Rutgers UniversityQuentin Gause,SO,LB,1-Jun,220,"Rochester, NY",Rochester,NY,Bishop Kearney High School,,AA,http://www.scarletknights.com/football/roster/detail.asp?id=5,Undeclared,Undeclared,2012-2013,Rutgers UniversityQuron Pratt,SR,WR,Jun-00,190,"Palmyra, NJ",Palmyra,NJ,Palmyra High School,,AA,http://www.scarletknights.com/football/roster/detail.asp?id=4364,Sociology,Sociology,2012-2013,Rutgers UniversityRichard Czeczotka,FR,QB,1-Jun,215,"East Northport, NY",East Northport,NY,John H. Glenn High School,,C,http://www.scarletknights.com/football/roster/detail.asp?id=4732,Undeclared,Undeclared,2012-2013,Rutgers UniversityRobert Jones,SR,LS,Jun-00,210,"West Caldwell, NJ",West Caldwell,NJ,James Caldwell High School,,C,http://www.scarletknights.com/football/roster/detail.asp?id=4379,Exercise Science,Kinesiology,2012-2013,Rutgers UniversityRobert Joseph,SR,LB,2-Jun,220,"Jamaica, NY",Jamaica,NY,Brooklyn Poly Prep,,AA,http://www.scarletknights.com/football/roster/detail.asp?id=4358,Exercise Science,Kinesiology,2012-2013,Rutgers UniversityRuhann Peele,FR,WR,1-Jun,180,"Linden, NJ",Linden,NJ,Linden High School,,AA,http://www.scarletknights.com/football/roster/detail.asp?id=4856,Undeclared,Undeclared,2012-2013,Rutgers UniversityRyan Brodie,FR,OL,5-Jun,300,"Long Branch, NJ",Long Branch,NJ,Long Branch High School,,AA,http://www.scarletknights.com/football/roster/detail.asp?id=4655,Undeclared,Undeclared,2012-2013,Rutgers UniversitySam Bergen,JR,FB,Jun-00,235,"East Stroudsburg, PA",East Stroudsburg,PA,East Stroudsburg South High School,,C,http://www.scarletknights.com/football/roster/detail.asp?id=4530,Economics,Economics,2012-2013,Rutgers UniversitySavon Huggins,SO,RB,Jun-00,200,"Jackson, NJ",Jackson,NJ,St. Peterês Prep,,C,http://www.scarletknights.com/football/roster/detail.asp?id=8,Undeclared,Undeclared,2012-2013,Rutgers UniversityScott Vallone,SR,DT,3-Jun,275,"Central Islip, NY",Central Islip,NY,St. Anthonyês High School,,C,http://www.scarletknights.com/football/roster/detail.asp?id=4034,Economics,Economics,2012-2013,Rutgers UniversitySheldon Royster,FR,DB,11-May,185,"Woodbridge, NJ",Woodbridge,NJ,St. Peter's Prep,,AA,http://www.scarletknights.com/football/roster/detail.asp?id=4877,Undeclared,Undeclared,2012-2013,Rutgers UniversitySteve Longa,FR,LB,1-Jun,220,"Saddle Brook, NJ",Saddle Brook,NJ,Saddle Brook High School,,AA,http://www.scarletknights.com/football/roster/detail.asp?id=4854,Undeclared,Undeclared,2012-2013,Rutgers UniversityTaj Alexander,JR,OL,4-Jun,290,"Downingtown, PA",Downingtown,PA,Downingtown East High School,,AA,http://www.scarletknights.com/football/roster/detail.asp?id=4538,Communication,Communications,2012-2013,Rutgers UniversityTejay Johnson,SO,DB,2-Jun,190,"Egg Harbor Township, NJ",Egg Harbor Township,NJ,"Egg Harbor Township High School, Fork Union Military Academy",,AA,http://www.scarletknights.com/football/roster/detail.asp?id=11,Undeclared,Undeclared,2012-2013,Rutgers UniversityTim Wright,SR,WR,4-Jun,220,"Wall, NJ",Wall,NJ,Wall High School,,AA,http://www.scarletknights.com/football/roster/detail.asp?id=25,Criminal Justice,Criminal Studies,2012-2013,Rutgers UniversityTyler Bellia,SR,TE,4-Jun,235,"New York City, NY",New York City,NY,Paramus Catholic High School,,C,http://www.scarletknights.com/football/roster/detail.asp?id=4518,Sociology,Sociology,2012-2013,Rutgers UniversityTyler Kroft,SO,TE,6-Jun,235,"Downingtown, PA",Downingtown,PA,Downingtown East High School,,C,http://www.scarletknights.com/football/roster/detail.asp?id=13,Undeclared,Undeclared,2012-2013,Rutgers UniversityVance Matthews,FR,WR,4-Jun,180,"Cape May, NJ",Cape May,NJ,Lower Cape May Regional High School,,AA,http://www.scarletknights.com/football/roster/detail.asp?id=4534,Undeclared,Undeclared,2012-2013,Rutgers UniversityWayne Warren,SR,DB,1-Jun,205,"Salisbury, MD",Salisbury,MD,Wicomico High School,,AA,http://rutgers.rivals.com/cviewplayer.asp?Player=408367,Information Technology and Informatics,Science and Technology,2012-2013,Rutgers University