ID_School,ID_Sport,Season,Number,Player,First_Name,Last_Name,Position,Height,Weight,Year,Hometown/Last_School,Player_URL,FSU,MBBALL,2012-2013,15,Boris Bojanovsky,Boris,Bojanovsky,Center,7/3/13,240,SO,"Bratislava, Slovak Rebublic/Oakley College",http://www.seminoles.com/sports/m-baskbl/mtt/boris_bojanovsky_804009.html,FSU,MBBALL,2012-2013,1,Devon Bookert,Devon,Bookert,Guard,6/3/13,185,SO,"Anchorage, Ak./West Anchorage",http://www.seminoles.com/sports/m-baskbl/mtt/devon_bookert_804006.html,FSU,MBBALL,2012-2013,5,Montay Brandon,Montay,Brandon,Guard,6/7/13,216,SO,"Greensboro, N.C./Wesleyan Christian",http://www.seminoles.com/sports/m-baskbl/mtt/montay_brandon_804010.html,FSU,MBBALL,2012-2013,14,Robert Gilchrist,Robert,Gilchrist,Forward,6/9/13,220,SR,"London, England/Polk State College",http://www.seminoles.com/sports/m-baskbl/mtt/robert_gilchrist_804008.html,FSU,MBBALL,2012-2013,35,Joell Hopkins,Joell,Hopkins,Forward,6/6/13,205,SO,"Durham, N.C./Tallahassee Community College",http://www.seminoles.com/sports/m-baskbl/mtt/joell_hopkins_804003.html,FSU,MBBALL,2012-2013,30,Ian Miller,Ian,Miller,Guard,6/3/13,186,SR,"Charlotte, N.C./United Faith Christian Academy",http://www.seminoles.com/sports/m-baskbl/mtt/ian_miller_712064.html,FSU,MBBALL,2012-2013,50,Michael Ojo,Michael,Ojo,Center,7/1/13,292,SO,"Lagos, Nigeria/Tennessee Temple",http://www.seminoles.com/sports/m-baskbl/mtt/michael_ojo_807098.html,FSU,MBBALL,2012-2013,25,Aaron Thomas,Aaron,Thomas,Guard,6/5/13,195,SO,"Cincinnati, Ohio/Brewster Academy",http://www.seminoles.com/sports/m-baskbl/mtt/aaron_thomas_804007.html,FSU,MBBALL,2012-2013,11,Kiel Turpin,Kiel,Turpin,Center,7/1/00,240,RS SR,"Normal, Ill./Lincoln College",http://www.seminoles.com/sports/m-baskbl/mtt/kiel_turpin_764766.html,FSU,MBBALL,2012-2013,10,Okaro White,Okaro,White,Forward,6/8/13,204,SR,"Clearwater, Fla./Clearwater",http://www.seminoles.com/sports/m-baskbl/mtt/okaro_white_712366.html,FSU,MBBALL,2011-2012,4,Deividas Dulkys,Deividas,Dulkys,Guard,6/5/13,196,SR,"Silute, Lithuania/Findlay College Prep (Nev.)",http://www.seminoles.com/sports/m-baskbl/mtt/dulkys_deividas00.html,FSU,MBBALL,2011-2012,1,Xavier Gibson,Xavier,Gibson,Forward/Center,6/11/13,248,SR,"Dothan, Ala./Northview",http://www.seminoles.com/sports/m-baskbl/mtt/gibson_xavier00.html,FSU,MBBALL,2011-2012,5,Bernard James,Bernard,James,Forward,6/10/13,240,SR,"Savannah, Ga./Tallahassee Community College",http://www.seminoles.com/sports/m-baskbl/mtt/james_bernard00.html,FSU,MBBALL,2011-2012,50,Jon Kreft,Jon,Kreft,Forward/Center,7/1/00,262,SR,"Coral Springs, Fla./Chipola Community College",http://www.seminoles.com/sports/m-baskbl/mtt/kreft_jon00.html,FSU,MBBALL,2011-2012,3,Luke Loucks,Luke,Loucks,Guard,6/5/13,201,GS,"Clearwater, Fla./Clearwater",http://www.seminoles.com/sports/m-baskbl/mtt/loucks_luke00.html,FSU,MBBALL,2011-2012,30,Ian Miller,Ian,Miller,Guard,6/3/13,186,SO,"Charlotte, N.C./United Faith Christian Academy",http://www.seminoles.com/sports/m-baskbl/mtt/miller_ian00.html,FSU,MBBALL,2011-2012,33,Joey Moreau,Joey,Moreau,Guard,6/2/13,179,JR,"Bradenton, Fla./IMG Academy",http://www.seminoles.com/sports/m-baskbl/mtt/moreau_joey00.html,FSU,MBBALL,2011-2012,12,Jeff Peterson,Jeff,Peterson,Point Guard,6/1/13,195,GS,"Springfield, Mo./Arkansas/Iowa",http://www.seminoles.com/sports/m-baskbl/mtt/peterson_jeff00.html,FSU,MBBALL,2011-2012,20,Rafael Portuondo,Rafael,Portuondo,Guard,5/11/13,165,JR,"Miami, Fla./Miami Dade College",http://www.seminoles.com/sports/m-baskbl/mtt/portuondo_rafael00.html,FSU,MBBALL,2011-2012,15,Terrance Shannon,Terrance,Shannon,Forward,6/8/13,240,JR,"Forsyth, Ga./Mary Persons",http://www.seminoles.com/sports/m-baskbl/mtt/shannon_terrance00.html,FSU,MBBALL,2011-2012,21,Michael Snaer,Michael,Snaer,Guard,6/5/13,202,JR,"Moreno Valley, Calif./Rancho Verde",http://www.seminoles.com/sports/m-baskbl/mtt/snaer_michael00.html,FSU,MBBALL,2011-2012,24,Antwan Space,Antwan,Space,Forward,6/8/13,218,FR,"Desoto, Tex./DeSoto",http://www.seminoles.com/sports/m-baskbl/mtt/space_antwan00.html,FSU,MBBALL,2011-2012,11,Kiel Turpin,Kiel,Turpin,Center,6/11/13,225,JR,"Normal, Ill./Lincoln College",http://www.seminoles.com/sports/m-baskbl/mtt/turpin_kiel00.html,FSU,MBBALL,2011-2012,31,Terry Whisnant II,Terry,Whisnant II,Guard,6/3/13,185,FR,"Cherryville, N.C./Cherryville",http://www.seminoles.com/sports/m-baskbl/mtt/whisnantii_terry00.html,FSU,MBBALL,2011-2012,10,Okaro White,Okaro,White,Forward,6/8/13,204,SO,"Clearwater, Fla./Clearwater",http://www.seminoles.com/sports/m-baskbl/mtt/white_okaro00.html,FSU,MBBALL,2010-2011,0,Pierre Jordan,Pierre,Jordan,G,6/1/00,165,So.,"Atlanta, Ga./Dunwoody",http://seminoles.collegesports.com/sports/m-baskbl/mtt/jordan_pierre00.html,FSU,MBBALL,2010-2011,1,Xavier Gibson,Xavier,Gibson,F/C,6/11/13,240,Jr.,"Dothan, Ala./Dothan",http://seminoles.collegesports.com/sports/m-baskbl/mtt/gibson_xavier00.html,FSU,MBBALL,2010-2011,2,A.J. Yawn,A.J.,Yawn,G,6/1/00,170,Sr.,"Oceanside, Calif./El Camino",http://www.seminoles.com/sports/m-baskbl/mtt/yawn_aj00.html,FSU,MBBALL,2010-2011,3,Luke Loucks,Luke,Loucks,G,6/5/13,196,Jr.,"Clearwater, Fla./Clearwater",http://seminoles.collegesports.com/sports/m-baskbl/mtt/loucks_luke00.html,FSU,MBBALL,2010-2011,4,Deividas Dulkys,Deividas,Dulkys,G,6/5/13,196,Jr.,"Silute, Lithuania/Findlay College (Nev.) Prep",http://seminoles.collegesports.com/sports/m-baskbl/mtt/dulkys_deividas00.html,FSU,MBBALL,2010-2011,5,Bernard James,Bernard,James,G,6/10/13,240,Jr.,"Savannah, Ga./Tallahassee Community College",http://www.seminoles.com/sports/m-baskbl/mtt/james_bernard00.html,FSU,MBBALL,2010-2011,10,Okaro White,Okaro,White,G,6/7/13,180,Fr.,"Clearwater, Fla./Clearwater",http://www.seminoles.com/sports/m-baskbl/mtt/white_okaro00.html,FSU,MBBALL,2010-2011,15,Terrance Shannon,Terrance,Shannon,F,6/8/13,220,So.,"Forsyth, Ga./Mary Persons",http://seminoles.cstv.com/sports/m-baskbl/mtt/shannon_terrance00.html,FSU,MBBALL,2010-2011,20,Rafael Portuondo,Rafael,Portuondo,G,5/11/13,160,So.,"Miami, Fla./Miami Dade College",http://seminoles.collegesports.com/sports/m-baskbl/mtt/portuondo_rafael00.html,FSU,MBBALL,2010-2011,21,Michael Snaer,Michael,Snaer,G,6/5/13,200,So.,"Moreno Valley, Calif./Rancho Verde",http://seminoles.cstv.com/sports/m-baskbl/mtt/snaer_michael00.html,FSU,MBBALL,2010-2011,22,Derwin Kitchen,Derwin,Kitchen,G,6/4/13,204,Sr.,"Jacksonville, Fla./Raines/Iowa Western C.C.",http://seminoles.collegesports.com/sports/m-baskbl/mtt/kitchen_derwin00.html,FSU,MBBALL,2010-2011,24,Andrew Rutledge,Andrew,Rutledge,F,6/6/13,200,Sr.,"Tallahassee, Fla/The Maclay School",http://seminoles.collegesports.com/sports/m-baskbl/mtt/rutledge_andrew00.html,FSU,MBBALL,2010-2011,30,Ian Miller,Ian,Miller,G,6/3/13,180,Fr.,"Charlotte, N.C./United Faith Academy",http://www.seminoles.com/sports/m-baskbl/mtt/miller_ian00.html,FSU,MBBALL,2010-2011,31,Chris Singleton,Chris,Singleton,F,6/9/13,227,Jr.,"Canton, Ga./Dunwoody",http://seminoles.collegesports.com/sports/m-baskbl/mtt/singleton_chris00.html,FSU,MBBALL,2010-2011,33,Joey Moreau,Joey,Moreau,G,6/2/13,180,So.,"Bradenton, Fla./IMG Academy",http://seminoles.collegesports.com/sports/m-baskbl/mtt/moreau_joey00.html,FSU,MBBALL,2010-2011,50,Jon Kreft,Jon,Kreft,C,7/1/00,250,Jr.,"Coral Springs, Fla./Stoneman Douglas",http://seminoles.collegesports.com/sports/m-baskbl/mtt/kreft_jon00.html,FSU,MBBALL,2009-2010,0,Pierre Jordan,Pierre,Jordan,G,6/1/00,160,Fr.,"Atlanta, Ga./Dunwoody",http://seminoles.collegesports.com/sports/m-baskbl/mtt/jordan_pierre00.html,FSU,MBBALL,2009-2010,1,Xavier Gibson,Xavier,Gibson,F/C,6/11/13,230,Fr.,"Dothan, Ala./Dothan",http://seminoles.collegesports.com/sports/m-baskbl/mtt/gibson_xavier00.html,FSU,MBBALL,2009-2010,2,Jordan DeMercy,Jordan,DeMercy,F,6/7/13,208,So.,"Norcorss, Ga./Norcross",http://seminoles.collegesports.com/sports/m-baskbl/mtt/demercy_jordan01.html,FSU,MBBALL,2009-2010,3,Luke Loucks,Luke,Loucks,G,6/5/13,205,Fr.,"Clearwater, Fla./Clearwater",http://seminoles.collegesports.com/sports/m-baskbl/mtt/loucks_luke00.html,FSU,MBBALL,2009-2010,4,Deividas Dulkys,Deividas,Dulkys,G,6/5/13,195,Fr.,"Silute, Lithuania/Findlay College (Nev.) Prep",http://seminoles.collegesports.com/sports/m-baskbl/mtt/dulkys_deividas00.html,FSU,MBBALL,2009-2010,21,Brian Hoff,Brian,Hoff,G,6/6/13,197,Sr.,"Jacksonville, Fla./Arlington Country Day",http://seminoles.cstv.com/sports/m-baskbl/mtt/hoff_brian00.html,FSU,MBBALL,2009-2010,22,Derwin Kitchen,Derwin,Kitchen,G,6/4/13,180,So.,"Jacksonville, Fla./Raines/Iowa Western C.C.",http://seminoles.collegesports.com/sports/m-baskbl/mtt/kitchen_derwin00.html,FSU,MBBALL,2009-2010,23,Toney Douglas,Toney,Douglas,G,6/2/13,200,Sr.,"Jonesboro, Ga./Auburn University",http://seminoles.collegesports.com/sports/m-baskbl/mtt/douglas_toney00.html,FSU,MBBALL,2009-2010,24,Eddie Vanderwerff,Eddie,Vanderwerff,F,6/6/13,222,Jr.,"Tequesta, Fla./Cardinal Newman",http://seminoles.collegesports.com/sports/m-baskbl/mtt/vanderwerff_eddie00.html,FSU,MBBALL,2009-2010,31,Chris Singleton,Chris,Singleton,F,6/9/13,220,Fr.,"Canton, Ga./Dunwoody",http://seminoles.collegesports.com/sports/m-baskbl/mtt/singleton_chris00.html,FSU,MBBALL,2009-2010,32,Solomon Alabi,Solomon,Alabi,C,7/1/13,241,Fr.,"Kaduna, Nigeria/Montverde Academy (Orlando, Fla.)",http://seminoles.collegesports.com/sports/m-baskbl/mtt/alabi_solomon00.html,FSU,MBBALL,2009-2010,41,Uche Echefu,Uche,Echefu,F,6/9/13,225,Sr.,"Lagos, Nigeria/Montrose (MD.) Christian",http://seminoles.collegesports.com/sports/m-baskbl/mtt/echefu_uche00.html,FSU,MBBALL,2009-2010,42,Ryan Reid,Ryan,Reid,F,6/8/13,235,Jr.,"Lauderdale Lakes, Fla./Boyd Anderson",http://seminoles.collegesports.com/sports/m-baskbl/mtt/reid_ryan00.html,FSU,MBBALL,2008-2009,0,Pierre Jordan,Pierre,Jordan,G,6/1/00,160,Fr.,"Atlanta, Ga./Dunwoody",http://seminoles.collegesports.com/sports/m-baskbl/mtt/jordan_pierre00.html,FSU,MBBALL,2008-2009,1,Xavier Gibson,Xavier,Gibson,F/C,6/11/13,230,Fr.,"Dothan, Ala./Dothan",http://seminoles.collegesports.com/sports/m-baskbl/mtt/gibson_xavier00.html,FSU,MBBALL,2008-2009,2,Jordan DeMercy,Jordan,DeMercy,F,6/7/13,208,So.,"Norcorss, Ga./Norcross",http://seminoles.collegesports.com/sports/m-baskbl/mtt/demercy_jordan01.html,0FSU,MBBALL,2008-2009,3,Luke Loucks,Luke,Loucks,G,6/5/13,205,Fr.,"Clearwater, Fla./Clearwater",http://seminoles.collegesports.com/sports/m-baskbl/mtt/loucks_luke00.html,FSU,MBBALL,2008-2009,4,Deividas Dulkys,Deividas,Dulkys,G,6/5/13,195,Fr.,"Silute, Lithuania/Findlay College (Nev.) Prep",http://seminoles.collegesports.com/sports/m-baskbl/mtt/dulkys_deividas00.html,FSU,MBBALL,2008-2009,21,Brian Hoff,Brian,Hoff,G,6/6/13,197,Sr.,"Jacksonville, Fla./Arlington Country Day",http://seminoles.cstv.com/sports/m-baskbl/mtt/hoff_brian00.html,FSU,MBBALL,2008-2009,22,Derwin Kitchen,Derwin,Kitchen,G,6/4/13,180,So.,"Jacksonville, Fla./Raines/Iowa Western C.C.",http://seminoles.collegesports.com/sports/m-baskbl/mtt/kitchen_derwin00.html,FSU,MBBALL,2008-2009,23,Toney Douglas,Toney,Douglas,G,6/2/13,200,Sr.,"Jonesboro, Ga./Auburn University",http://seminoles.collegesports.com/sports/m-baskbl/mtt/douglas_toney00.html,FSU,MBBALL,2008-2009,24,Eddie Vanderwerff,Eddie,Vanderwerff,F,6/6/13,222,Jr.,"Tequesta, Fla./Cardinal Newman",http://seminoles.collegesports.com/sports/m-baskbl/mtt/vanderwerff_eddie00.html,FSU,MBBALL,2008-2009,31,Chris Singleton,Chris,Singleton,F,6/9/13,220,Fr.,"Canton, Ga./Dunwoody",http://seminoles.collegesports.com/sports/m-baskbl/mtt/singleton_chris00.html,FSU,MBBALL,2008-2009,32,Solomon Alabi,Solomon,Alabi,C,7/1/13,241,Fr.,"Kaduna, Nigeria/Montverde Academy (Orlando, Fla.)",http://seminoles.collegesports.com/sports/m-baskbl/mtt/alabi_solomon00.html,FSU,MBBALL,2008-2009,41,Uche Echefu,Uche,Echefu,F,6/9/13,225,Sr.,"Lagos, Nigeria/Montrose (MD.) Christian",http://seminoles.collegesports.com/sports/m-baskbl/mtt/echefu_uche00.html,FSU,MBBALL,2008-2009,42,Ryan Reid,Ryan,Reid,F,6/8/13,235,Jr.,"Lauderdale Lakes, Fla./Boyd Anderson",http://seminoles.collegesports.com/sports/m-baskbl/mtt/reid_ryan00.html,FSU,MBBALL,2007-2008,2,Jordan DeMercy,Jordan,DeMercy,F,6/7/13,204,Fr.,"Norcross, Ga./Norcross",http://seminoles.collegesports.com/sports/m-baskbl/mtt/demercy_jordan00.html,FSU,MBBALL,2007-2008,3,Isaiah Swann,Isaiah,Swann,G,6/2/13,198,Sr.,"Germantown, Md./(Hargrave Military Academy)",http://seminoles.collegesports.com/sports/m-baskbl/mtt/swann_isaiah00.html,FSU,MBBALL,2007-2008,5,Ben O’Donnell,Ben,O’Donnell,G,5/9/13,171,Fr.,"Largo, Fla./(Largo)",http://seminoles.collegesports.com/sports/m-baskbl/mtt/o’donnell_ben00.html,FSU,MBBALL,2007-2008,10,Ralph Mims,Ralph,Mims,G,6/3/13,205,Sr.,"Pensacola, Fla./Brunswick (ME)",http://seminoles.collegesports.com/sports/m-baskbl/mtt/mims_ralph00.html,FSU,MBBALL,2007-2008,21,Julian Vaughn,Julian,Vaughn,F,6/10/13,239,Fr.,"Vienna, Va./Oak Hill Academy",http://seminoles.collegesports.com/sports/m-baskbl/mtt/vaughn_julian00.html,FSU,MBBALL,2007-2008,23,Toney Douglas,Toney,Douglas,G,6/2/13,200,Jr.,"Jonesboro, Ga./Jonesboro",http://seminoles.collegesports.com/sports/m-baskbl/mtt/douglas_toney00.html,FSU,MBBALL,2007-2008,24,Jordan Bolton,Jordan,Bolton,F,6/5/13,214,Fr.,"Winter Park, Fla./Winter Park",http://seminoles.collegesports.com/sports/m-baskbl/mtt/bolton_jordan00.html,FSU,MBBALL,2007-2008,25,Jason Rich,Jason,Rich,G,6/3/13,211,Sr.,"Pensacola, Fla./Dr. Phillips",http://seminoles.collegesports.com/sports/m-baskbl/mtt/rich_jason00.html,FSU,MBBALL,2007-2008,31,Brian Hoff,Brian,Hoff,G,6/6/13,197,Jr.,"Jacksonville, Fla./Arlington County Day",http://seminoles.collegesports.com/sports/m-baskbl/mtt/hoff_brian00.html,FSU,MBBALL,2007-2008,32,Solomon Alabi,Solomon,Alabi,C,7/1/13,241,Fr.,"Kaduna, Nigeria/Montverde Academy",http://seminoles.collegesports.com/sports/m-baskbl/mtt/alabi_solomon00.html,FSU,MBBALL,2007-2008,33,Matt Zitani,Matt,Zitani,F,6/7/13,230,Gr.,"Port St. Lucie, Fla./Indiana Ricer C.C.",http://seminoles.collegesports.com/sports/m-baskbl/mtt/zitani_matt00.html,FSU,MBBALL,2007-2008,41,Uche Echefu,Uche,Echefu,F,6/9/13,225,Jr.,"Lagos, Nigeria/Montrose Christian School",http://seminoles.collegesports.com/sports/m-baskbl/mtt/echefu_uche00.html,FSU,MBBALL,2007-2008,42,Ryan Reid,Ryan,Reid,F,6/8/13,237,So.,"Lauderdale Lakes, Fla./Lauderdale Lakes",http://seminoles.collegesports.com/sports/m-baskbl/mtt/reid_ryan00.html,FSU,MBBALL,2006-2007,3,Isaiah Swann,Isaiah,Swann,G,6/2/13,205,Jr.,"Germantown, Md./(Hargrave Military Academy)",http://seminoles.collegesports.com/sports/m-baskbl/mtt/swann_isaiah00.html,FSU,MBBALL,2006-2007,5,Josue Soto,Josue,Soto,G,6/1/00,175,Fr.,"Jacksonville, Arlington Country Day",http://seminoles.collegesports.com/sports/m-baskbl/mtt/soto_josue00.html,FSU,MBBALL,2006-2007,10,Ralph Mims,Ralph,Mims,G,6/3/13,211,Jr.,"Pensacola, Fla./Brunswick (ME)",http://seminoles.collegesports.com/sports/m-baskbl/mtt/mims_ralph00.html,FSU,MBBALL,2006-2007,11,Jerel Allen,Jerel,Allen,G,6/4/13,201,Sr.,"Detroit, Mich./Mott Community College",http://seminoles.collegesports.com/sports/m-baskbl/mtt/allen_jerel00.html,FSU,MBBALL,2006-2007,12,Al Thornton,Al,Thornton,F,6/8/13,230,Sr.,"Perry, Ga./Perry College",http://seminoles.collegesports.com/sports/m-baskbl/mtt/thornton_al00.html,FSU,MBBALL,2006-2007,15,Casaan Breeden,Casaan,Breeden,F,6/8/13,200,So.,"Bennettsville, S.C./Marlboro County",http://seminoles.collegesports.com/sports/m-baskbl/mtt/breeden_casaan00.html,FSU,MBBALL,2006-2007,23,Toney Douglas,Toney,Douglas,G,6/1/13,200,So.,"Jonesboro, Ga./Jonesboro",http://seminoles.collegesports.com/sports/m-baskbl/mtt/douglas_toney00.html,FSU,MBBALL,2006-2007,25,Jason Rich,Jason,Rich,G,6/3/13,205,Jr.,"Pensacola, Fla./Dr. Phillips",http://seminoles.collegesports.com/sports/m-baskbl/mtt/rich_jason00.html,FSU,MBBALL,2006-2007,31,Brian Hoff,Brian,Hoff,G,6/6/13,195,So.,"Jacksonville, Fla./Arlington County Day",http://seminoles.collegesports.com/sports/m-baskbl/mtt/hoff_brian00.html,FSU,MBBALL,2006-2007,33,Matt Zitani,Matt,Zitani,F,6/7/13,228,Jr.,"Kaduna, Nigeria/Montverde Academy",http://seminoles.collegesports.com/sports/m-baskbl/mtt/zitani_matt00.html,FSU,MBBALL,2006-2007,41,Uche Echefu,Uche,Echefu,F,6/9/13,225,So.,"Port St. Lucie, Fla./Indiana Ricer C.C.",http://seminoles.collegesports.com/sports/m-baskbl/mtt/echefu_uche00.html,FSU,MBBALL,2006-2007,42,Ryan Reid,Ryan,Reid,F,6/9/13,230,Fr.,"Lagos, Nigeria/Montrose Christian School",http://seminoles.collegesports.com/sports/m-baskbl/mtt/reid_ryan00.html,FSU,MBBALL,2005-2006,3,Isaiah Swann,Isaiah,Swann,G,6/1/13,197,So.,"Germantown, Md./Hargrave Military Academy",http://seminoles.collegesports.com/sports/m-baskbl/mtt/swann_isaiah00.html,FSU,MBBALL,2005-2006,4,Todd Galloway,Todd,Galloway,G,5/11/13,178,Sr.,"Baltimore, Md./Notre Dame (Va.) Academy",http://seminoles.collegesports.com/sports/m-baskbl/mtt/galloway_todd00.html,FSU,MBBALL,2005-2006,10,Ralph Mims,Ralph,Mims,G,6/2/13,200,So.,"Pensacola, Fla./Brunswick (Me.)",http://seminoles.collegesports.com/sports/m-baskbl/mtt/mims_ralph00.html,FSU,MBBALL,2005-2006,11,Jerel Allen,Jerel,Allen,G,6/4/13,195,Jr.,"Detroit, Mich./Mott C.C.",http://seminoles.collegesports.com/sports/m-baskbl/mtt/allen_jerel00.html,FSU,MBBALL,2005-2006,12,Al Thornton,Al,Thornton,F,6/7/13,208,Jr.,"Perry, Ga./Perry",http://seminoles.collegesports.com/sports/m-baskbl/mtt/thornton_al00.html,FSU,MBBALL,2005-2006,15,Casaan Breeden,Casaan,Breeden,F,6/8/13,195,Fr.,"Bennettsville, S.C./Marlboro County",http://seminoles.collegesports.com/sports/m-baskbl/mtt/breeden_casaan00.html,FSU,MBBALL,2005-2006,20,Andrew Wilson,Andrew,Wilson,G/F,6/6/13,206,Sr.,"Kennesaw, Ga./Harrison",http://seminoles.collegesports.com/sports/m-baskbl/mtt/wilson_andrew00.html,FSU,MBBALL,2005-2006,21,Jason Rich,Jason,Rich,G,6/3/13,185,So.,"Pensacola, Fla./Dr. Phillips (Orlando, Fla.)",http://seminoles.collegesports.com/sports/m-baskbl/mtt/rich_jason00.html,FSU,MBBALL,2005-2006,23,Toney Douglas,Toney,Douglas,G,6/1/13,190,So.,"Jonesboro, Ga./Auburn University",http://seminoles.collegesports.com/sports/m-baskbl/mtt/douglas_toney00.html,FSU,MBBALL,2005-2006,25,Diego Romero,Diego,Romero,F,6/10/13,240,Sr.,"Comodoro Rivadavia, Argentina/Lon Morris (Tex.) J.C.",http://seminoles.collegesports.com/sports/m-baskbl/mtt/romero_diego00.html,FSU,MBBALL,2005-2006,31,Brian Hoff,Brian,Hoff,G,6/5/13,185,Fr.,"Jacksonville, Fla./Arlington Country Day",http://seminoles.collegesports.com/sports/m-baskbl/mtt/hoff_brian00.html,FSU,MBBALL,2005-2006,32,Alexander Johnson,Alexander,Johnson,F,6/10/13,250,Jr.,"Albany, Ga./ Bridgton (Maine) Academy",http://seminoles.collegesports.com/sports/m-baskbl/mtt/johnson_alexander00.html,FSU,MBBALL,2005-2006,41,Uche Echefu,Uche,Echefu,F,6/9/13,220,Fr.,"Lagos, Nigeria/Montrose (MD.) Christian",http://seminoles.collegesports.com/sports/m-baskbl/mtt/echefu_uche00.html,FSU,MBBALL,2005-2006,50,Matt Zitani,Matt,Zitani,F,6/7/13,235,Jr.,"Pt. St. Lucie, Fla./Indian River Community College/Lincoln Park",http://seminoles.collegesports.com/sports/m-baskbl/mtt/zitani_matt00.html,